CAAC-20130004,HR,ALLEGATION OF MISBEHAVIOR/MALFEASANCE
CAAC-20130008,HR,ALLEGATION OF MISBEHAVIOR/MALFEASANCE
CAAC-20130009,COMMENDATIONS,ALLEGATION OF DEFECTIVE ROAD CONSTRUCTION
CAAC-20130017,ROADS,ALLEGATION OF DEFECTIVE ROAD CONSTRUCTION
CAAC-20130036,HR,ROAD SAFETY
CAAC-20130040,ROADS,ALLEGATION OF MISBEHAVIOR/MALFEASANCE
CAAC-20130041,HR,ALLEGATION OF MISBEHAVIOR/MALFEASANCE
CAAC-20130042,ROADS,ALLEGATION PF DELAYED ROAD CONSTRUCTION
CAAC-20130059,HR,ALLEGATION OF DEFECTIVE ROAD CONSTRUCTION
CAAC-20130067,ROADS,ALLEGATION OF DEFECTIVE ROAD CONSTRUCTION
